Saison;Quelle;Liga;Platz;Mannschaft;Spiele;g;u;v;Tore;Diff;Punkte
2024/25;FuPa.Net;BL12;1;SpVg Emsdetten 05;30;24;4;2;94:30;64;76
2024/25;FuPa.Net;BL12;2;SC Greven 09;30;20;6;4;111:38;73;66
2024/25;FuPa.Net;BL12;3;SC Münster 08;30;21;2;7;87:29;58;65
2024/25;FuPa.Net;BL12;4;Borghorster FC;30;20;1;9;95:58;37;61
2024/25;FuPa.Net;BL12;5;Concordia Albachten;30;14;9;7;63:36;27;51
2024/25;FuPa.Net;BL12;6;Wacker Mecklenbeck;30;14;8;8;69:42;27;50
2024/25;FuPa.Net;BL12;7;FC Nordwalde;30;12;6;12;67:57;10;42
2024/25;FuPa.Net;BL12;8;DJK SV Mauritz;30;12;6;12;60:59;1;42
2024/25;FuPa.Net;BL12;9;SuS Neuenkirchen II;30;12;5;13;51:60;-9;41
2024/25;FuPa.Net;BL12;10;VfL Wolbeck;30;12;4;14;62:56;6;40
2024/25;FuPa.Net;BL12;11;SV Büren;30;10;6;14;67:78;-11;36
2024/25;FuPa.Net;BL12;12;Teuto Riesenbeck;30;9;6;15;50:70;-20;33
2024/25;FuPa.Net;BL12;13;Graf Kobbo Tecklenburg;30;9;4;17;41:76;-35;31
2024/25;FuPa.Net;BL12;14;Germania Horstmar;30;5;9;16;56:101;-45;24
2024/25;FuPa.Net;BL12;15;SG Telgte;30;6;2;22;58:98;-40;20
2024/25;FuPa.Net;BL12;16;BSV Roxel;30;1;0;29;16:159;-143;3
2023/24;FuPa.Net;BL12;1;SV Burgsteinfurt;28;20;3;5;75:43;32;63
2023/24;FuPa.Net;BL12;2;SC Münster 08;28;18;6;4;83:32;51;60
2023/24;FuPa.Net;BL12;3;SpVg Emsdetten 05;28;17;6;5;71:41;30;57
2023/24;FuPa.Net;BL12;4;Teuto Riesenbeck;28;14;6;8;65:54;11;48
2023/24;FuPa.Net;BL12;5;BSV Roxel ;28;11;8;9;58:46;12;41
2023/24;FuPa.Net;BL12;6;Wacker Mecklenbeck ;28;12;3;13;51:55;-4;39
2023/24;FuPa.Net;BL12;7;Borghorster FC;28;11;4;13;60:66;-6;37
2023/24;FuPa.Net;BL12;8;Concordia Albachten ;28;9;9;10;46:46;0;36
2023/24;FuPa.Net;BL12;9;SC Greven 09;28;8;10;10;50:51;-1;34
2023/24;FuPa.Net;BL12;10;Graf Kobbo Tecklenburg;28;9;5;14;49:71;-22;32
2023/24;FuPa.Net;BL12;11;Germania Horstmar ;28;9;4;15;56:66;-10;31
2023/24;FuPa.Net;BL12;12;SuS Neuenkirchen II;28;8;7;13;43:57;-14;31
2023/24;FuPa.Net;BL12;13;Falke Saerbeck ;28;8;6;14;47:67;-20;30
2023/24;FuPa.Net;BL12;14;SV Mesum II;28;7;5;16;54:78;-24;26
2023/24;FuPa.Net;BL12;15;Westfalia Kinderhaus II;28;6;4;18;42:77;-35;22
2022/23;FuPa.Net;BL12;1;Ibbenbürener SpVg;32;26;1;5;122:31;91;79
2022/23;FuPa.Net;BL12;2;Borussia Münster ;32;25;3;4;88:27;61;78
2022/23;FuPa.Net;BL12;3;SC Greven 09;32;19;5;8;91:55;36;62
2022/23;FuPa.Net;BL12;4;SC Münster 08;32;17;7;8;79:43;36;58
2022/23;FuPa.Net;BL12;5;SV Burgsteinfurt;32;16;8;8;71:50;21;56
2022/23;FuPa.Net;BL12;6;Teuto Riesenbeck ;32;16;5;11;79:52;27;53
2022/23;FuPa.Net;BL12;7;SpVg Emsdetten 05;32;14;11;7;68:49;19;53
2022/23;FuPa.Net;BL12;8;Borghorster FC;32;14;7;11;79:77;2;49
2022/23;FuPa.Net;BL12;9;SuS Neuenkirchen II;32;11;9;12;65:72;-7;42
2022/23;FuPa.Net;BL12;10;SV Mesum II;32;12;5;15;73:81;-8;41
2022/23;FuPa.Net;BL12;11;Westfalia Kinderhaus II ;32;12;4;16;62:76;-14;40
2022/23;FuPa.Net;BL12;12;Graf Kobbo Tecklenburg;32;13;0;19;69:86;-17;39
2022/23;FuPa.Net;BL12;13;TuS Altenberge ;32;9;4;19;64:91;-27;31
2022/23;FuPa.Net;BL12;14;TuS Recke;32;9;3;20;46:93;-47;30
2022/23;FuPa.Net;BL12;15;SV BW Aasee;32;8;2;22;48:106;-58;26
2022/23;FuPa.Net;BL12;16;FC E. Rheine II ;32;5;6;21;41:90;-49;21
2022/23;FuPa.Net;BL12;17;DJK GW Gelmer;32;4;4;24;42:108;-66;16
2021/22;FuPa.Net;BL12;1;Concordia Albachten;34;26;5;3;77:30;47;83
2021/22;FuPa.Net;BL12;2;SC Greven 09;34;23;3;8;95:54;41;72
2021/22;FuPa.Net;BL12;3;SV Burgsteinfurt;34;21;7;6;98:52;46;70
2021/22;FuPa.Net;BL12;4;Ibbenbürener SpVg;34;19;4;11;80:61;19;61
2021/22;FuPa.Net;BL12;5;Borghorster FC;34;18;5;11;75:58;17;59
2021/22;FuPa.Net;BL12;6;SC Münster 08;34;16;6;12;75:52;23;54
2021/22;FuPa.Net;BL12;7;Graf Kobbo Tecklenburg;34;16;5;13;76:57;19;53
2021/22;FuPa.Net;BL12;8;TuS Recke;34;15;5;14;79:63;16;50
2021/22;FuPa.Net;BL12;9;SuS Neuenkirchen II;34;13;8;13;70:68;2;47
2021/22;FuPa.Net;BL12;10;SV Mesum II;34;13;7;14;76:65;11;46
2021/22;FuPa.Net;BL12;11;SpVg Emsdetten 05;34;13;7;14;52:50;2;46
2021/22;FuPa.Net;BL12;12;SV BW Aasee;34;14;4;16;64:76;-12;46
2021/22;FuPa.Net;BL12;13;DJK GW Gelmer;34;14;3;17;56:58;-2;45
2021/22;FuPa.Net;BL12;14;Germania Hauenhorst;34;12;7;15;37:44;-7;43
2021/22;FuPa.Net;BL12;15;Arminia Ibbenbüren;34;8;4;22;46:74;-28;28
2021/22;FuPa.Net;BL12;16;SV Bösensell;34;7;7;20;46:87;-41;28
2021/22;FuPa.Net;BL12;17;Cheruskia Laggenbeck;34;7;4;23;53:94;-41;25
2021/22;FuPa.Net;BL12;18;SC Hörstel;34;4;3;27;29:141;-112;15
2020/21;FuPa.Net;BL12;1;SC Greven 09;8;6;2;0;19:5;14;20
2020/21;FuPa.Net;BL12;2;Borghorster;8;6;0;2;22:7;15;18
2020/21;FuPa.Net;BL12;3;Ibbenbürener;8;5;2;1;19:8;11;17
2020/21;FuPa.Net;BL12;4;SC Münst. 08;8;5;2;1;22:13;9;17
2020/21;FuPa.Net;BL12;5;Emsdetten 05;8;5;1;2;20:11;9;16
2020/21;FuPa.Net;BL12;6;TuS Recke;8;5;0;3;21:17;4;15
2020/21;FuPa.Net;BL12;7;SV Burgst.;8;4;2;2;13:9;4;14
2020/21;FuPa.Net;BL12;8;SuS Neuenk. II ;7;4;2;1;17:14;3;14
2020/21;FuPa.Net;BL12;9;Laggenbeck;8;4;1;3;16:14;2;13
2020/21;FuPa.Net;BL12;10;SC Hörstel;8;4;0;4;24:25;-1;12
2020/21;FuPa.Net;BL12;11;Hauenhorst;8;3;1;4;12:21;-9;10
2020/21;FuPa.Net;BL12;12;Tecklenburg ;8;2;2;4;20:18;2;8
2020/21;FuPa.Net;BL12;13;Ibbenbüren ;7;2;1;4;12:18;-6;7
2020/21;FuPa.Net;BL12;14;SV Albachten;7;2;1;4;9:15;-6;7
2020/21;FuPa.Net;BL12;15;DJK Gelmer ;8;1;1;6;8:18;-10;4
2020/21;FuPa.Net;BL12;16;SV BW Aasee;8;1;1;6;10:23;-13;4
2020/21;FuPa.Net;BL12;17;SV Mesum II ;7;0;3;4;7:17;-10;3
2020/21;FuPa.Net;BL12;18;Bösensell ;8;0;0;8;12:30;-18;0
2019/20;FuPa.Net;BL12;1;Wettringen;19;12;4;3;53:27;26;40
2019/20;FuPa.Net;BL12;2;SC Greven 09;18;11;4;3;41:20;21;37
2019/20;FuPa.Net;BL12;3;TuS Recke;19;11;5;3;41:19;22;38
2019/20;FuPa.Net;BL12;4;DJK Münster ;19;12;2;5;52:35;17;38
2019/20;FuPa.Net;BL12;5;Ibbenbürener;18;11;2;5;44:37;7;35
2019/20;FuPa.Net;BL12;6;SV Burgst.;18;9;2;7;38:26;12;29
2019/20;FuPa.Net;BL12;7;Hauenhorst ;17;7;4;6;35:29;6;25
2019/20;FuPa.Net;BL12;8;VfL Wolbeck;18;7;2;9;32:33;-1;23
2019/20;FuPa.Net;BL12;9;SV Wilmsberg;18;6;4;8;32:40;-8;22
2019/20;FuPa.Net;BL12;10;Emsdetten 05;19;6;5;8;33:35;-2;23
2019/20;FuPa.Net;BL12;11;SG Telgte;19;5;6;8;31:41;-10;21
2019/20;FuPa.Net;BL12;12;SV Albachten ;19;4;5;10;37:47;-10;17
2019/20;FuPa.Net;BL12;13;SC Hörstel ;18;4;4;10;27:54;-27;16
2019/20;FuPa.Net;BL12;14;Laggenbeck;19;4;1;14;22:56;-34;13
2019/20;FuPa.Net;BL12;15;SV BW Aasee;18;3;2;13;20:39;-19;11
2019/20;FuPa.Net;BL12;16;Gievenbeck II (zg. o.W.);0;0;0;0;0:0;0;0
2018/19;FuPa.Net;BL12;1;Altenrheine;32;22;4;6;79:38;41;70
2018/19;FuPa.Net;BL12;2;SV Burgst. ;32;22;4;6;73:34;39;70
2018/19;FuPa.Net;BL12;3;Wettringen;32;20;2;10;87:56;31;62
2018/19;FuPa.Net;BL12;4;SV Wilmsberg;32;17;7;8;73:50;23;58
2018/19;FuPa.Net;BL12;5;SC Greven 09;32;15;8;9;67:51;16;53
2018/19;FuPa.Net;BL12;6;TuS Recke;32;15;8;9;66:52;14;53
2018/19;FuPa.Net;BL12;7;Ibbenbürener;32;13;7;12;61:58;3;46
2018/19;FuPa.Net;BL12;8;Laggenbeck ;32;13;5;14;51:58;-7;44
2018/19;FuPa.Net;BL12;9;Emsdetten 05;32;12;7;13;58:54;4;43
2018/19;FuPa.Net;BL12;10;Gievenbeck II;32;12;6;14;57:63;-6;42
2018/19;FuPa.Net;BL12;11;VfL Wolbeck;32;11;8;13;67:56;11;41
2018/19;FuPa.Net;BL12;12;SV BW Aasee;32;12;2;18;48:64;-16;38
2018/19;FuPa.Net;BL12;13;TuS Horstmar ;32;10;7;15;45:61;-16;37
2018/19;FuPa.Net;BL12;14;SG Telgte ;32;10;6;16;63:74;-11;36
2018/19;FuPa.Net;BL12;15;Ibbenbüren;32;10;5;17;57:80;-23;35
2018/19;FuPa.Net;BL12;16;Pr. Lengeri. ;32;7;5;20;48:98;-50;26
2018/19;FuPa.Net;BL12;17;Riesenbeck;32;4;3;25;30:83;-53;15
2017/18;FuPa.Net;BL12;1;Kinderhaus;30;23;4;3;110:38;72;73
2017/18;FuPa.Net;BL12;2;Altenrheine;30;17;6;7;60:35;25;57
2017/18;FuPa.Net;BL12;3;Wettringen;30;15;8;7;59:38;21;53
2017/18;FuPa.Net;BL12;4;SC Greven 09;30;15;7;8;59:48;11;52
2017/18;FuPa.Net;BL12;5;SV Wilmsberg;30;14;8;8;58:43;15;50
2017/18;FuPa.Net;BL12;6;Riesenbeck;30;12;4;14;60:69;-9;40
2017/18;FuPa.Net;BL12;7;VfL Wolbeck ;30;9;12;9;51:50;1;39
2017/18;FuPa.Net;BL12;8;TuS Recke;30;9;11;10;50:46;4;38
2017/18;FuPa.Net;BL12;9;Emsdetten 05 ;30;10;8;12;55:54;1;38
2017/18;FuPa.Net;BL12;10;Gievenbeck II;30;10;8;12;53:53;0;38
2017/18;FuPa.Net;BL12;11;SV BW Aasee;30;10;7;13;46:55;-9;37
2017/18;FuPa.Net;BL12;12;Ibbenbüren ;30;10;5;15;60:81;-21;35
2017/18;FuPa.Net;BL12;13;Ibbenbürener;30;9;7;14;51:68;-17;34
2017/18;FuPa.Net;BL12;14;GWA Rheine ;30;8;5;17;47:84;-37;29
2017/18;FuPa.Net;BL12;15;Hauenhorst;30;7;7;16;36:63;-27;28
2017/18;FuPa.Net;BL12;16;SuS Neuenk. II;30;4;9;17;38:68;-30;21
2016/17;FuPa.Net;LL4;1;Beckumer SV ;30;18;8;4;55:21;34;62
2016/17;FuPa.Net;LL4;2;SC Münst. 08;30;17;5;8;55:42;13;56
2016/17;FuPa.Net;LL4;3;SV Mesum;30;14;10;6;55:34;21;52
2016/17;FuPa.Net;LL4;4;Pr. Lengeri.;30;13;8;9;57:45;12;47
2016/17;FuPa.Net;LL4;5;VfL Senden ;30;14;5;11;58:60;-2;47
2016/17;FuPa.Net;LL4;6;SV Ahaus;30;12;10;8;45:40;5;46
2016/17;FuPa.Net;LL4;7;B. Emsdetten ;30;12;6;12;56:44;12;42
2016/17;FuPa.Net;LL4;8;GW Nottuln ;30;11;7;12;55:49;6;40
2016/17;FuPa.Net;LL4;9;Westf. Gemen;30;10;9;11;56:60;-4;39
2016/17;FuPa.Net;LL4;10;DJK Coesfeld;30;10;6;14;48:61;-13;36
2016/17;FuPa.Net;LL4;11;SV Dorsten-H;30;7;13;10;42:44;-2;34
2016/17;FuPa.Net;LL4;12;SV Herbern;30;7;12;11;48:52;-4;33
2016/17;FuPa.Net;LL4;13;SV Burgst.;30;9;6;15;39:48;-9;33
2016/17;FuPa.Net;LL4;14;TSG Dülmen ;30;8;9;13;47:63;-16;33
2016/17;FuPa.Net;LL4;15;Emsdetten 05;30;8;9;13;47:65;-18;33
2016/17;FuPa.Net;LL4;16;SV RW Deuten ;30;8;1;21;37:72;-35;25
2015/16;FuPa.Net;LL4;1;TuS Haltern;28;18;5;5;50:15;35;59
2015/16;FuPa.Net;LL4;2;BSV Roxel;28;18;5;5;60:28;32;59
2015/16;FuPa.Net;LL4;3;SV Mesum;28;16;4;8;53:35;18;52
2015/16;FuPa.Net;LL4;4;Pr. Lengeri.;28;16;3;9;57:33;24;51
2015/16;FuPa.Net;LL4;5;Emsdetten 05;28;15;5;8;57:33;24;50
2015/16;FuPa.Net;LL4;6;SV Burgst.;28;13;4;11;42:38;4;43
2015/16;FuPa.Net;LL4;7;SV Ahaus;28;12;5;11;43:45;-2;41
2015/16;FuPa.Net;LL4;8;Westf. Gemen;28;10;9;9;47:43;4;39
2015/16;FuPa.Net;LL4;9;DJK Coesfeld;28;10;4;14;38:48;-10;34
2015/16;FuPa.Net;LL4;10;SV Herbern;28;10;3;15;35:50;-15;33
2015/16;FuPa.Net;LL4;11;Vik. Resse;28;9;4;15;28:42;-14;31
2015/16;FuPa.Net;LL4;12;SV Dorsten-H;28;8;6;14;37:50;-13;30
2015/16;FuPa.Net;LL4;13;SC Münst. 08;28;5;10;13;26:49;-23;25
2015/16;FuPa.Net;LL4;14;Hammer SpVg II;28;7;3;18;38:66;-28;24
2015/16;FuPa.Net;LL4;15;SF Stucken.;28;6;4;18;28:64;-36;22
2015/16;FuPa.Net;LL4;16;TuS Dornberg;0;0;0;0;0:0;0;0
2014/15;FuPa.Net;LL4;1;YEG Hassel;30;21;6;3;65:25;40;69
2014/15;FuPa.Net;LL4;2;TuS Sinsen;30;15;9;6;47:28;19;54
2014/15;FuPa.Net;LL4;3;SV Herbern;30;15;7;8;66:41;25;52
2014/15;FuPa.Net;LL4;4;SF Stucken.;30;14;10;6;45:31;14;52
2014/15;FuPa.Net;LL4;5;BSV Roxel ;30;13;8;9;62:43;19;47
2014/15;FuPa.Net;LL4;6;SV Ahaus;30;13;8;9;61:48;13;47
2014/15;FuPa.Net;LL4;7;SV Mesum;30;13;8;9;44:33;11;47
2014/15;FuPa.Net;LL4;8;TuS Haltern;30;14;5;11;51:48;3;47
2014/15;FuPa.Net;LL4;9;Emsdetten 05;30;12;8;10;60:48;12;44
2014/15;FuPa.Net;LL4;10;Lüner SV;30;12;7;11;47:44;3;43
2014/15;FuPa.Net;LL4;11;SV Burgst. ;30;11;6;13;51:54;-3;39
2014/15;FuPa.Net;LL4;12;SV Dorsten-H ;30;9;4;17;32:58;-26;31
2014/15;FuPa.Net;LL4;13;Hammer SpVg II;30;8;5;17;45:61;-16;29
2014/15;FuPa.Net;LL4;14;BV Brambauer ;30;7;8;15;29:54;-25;29
2014/15;FuPa.Net;LL4;15;Beckumer SV;30;4;11;15;41:65;-24;23
2014/15;FuPa.Net;LL4;16;SV Gescher ;30;2;4;24;27:92;-65;10
2013/14;FuPa.Net;LL4;1;Vikt. Heiden;30;17;4;9;72:47;25;55
2013/14;FuPa.Net;LL4;2;DJK Coesfeld;30;16;4;10;63:52;11;52
2013/14;FuPa.Net;LL4;3;TuS Haltern;30;14;9;7;53:38;15;51
2013/14;FuPa.Net;LL4;4;SV Mesum;30;15;5;10;43:33;10;50
2013/14;FuPa.Net;LL4;5;Borghorst;30;15;3;12;52:46;6;48
2013/14;FuPa.Net;LL4;6;Beckumer SV;30;13;8;9;52:38;14;47
2013/14;FuPa.Net;LL4;7;SV Ahaus;30;13;6;11;57:46;11;45
2013/14;FuPa.Net;LL4;8;YEG Hassel ;30;12;9;9;47:44;3;45
2013/14;FuPa.Net;LL4;9;TuS Sinsen;30;11;10;9;44:44;0;43
2013/14;FuPa.Net;LL4;10;Emsdetten 05 ;30;12;6;12;51:52;-1;42
2013/14;FuPa.Net;LL4;11;SF Stucken. ;30;10;10;10;49:44;5;40
2013/14;FuPa.Net;LL4;12;SV Herbern ;30;10;9;11;47:47;0;39
2013/14;FuPa.Net;LL4;13;Hammer SpVg II;30;13;0;17;47:58;-11;39
2013/14;FuPa.Net;LL4;14;SF Lotte II;30;9;8;13;38:49;-11;35
2013/14;FuPa.Net;LL4;15;SG Borken;30;8;6;16;44:56;-12;30
2013/14;FuPa.Net;LL4;16;Vestia Dist. ;30;1;5;24;24:89;-65;8
2012/13;FuPa.Net;BL12;1;Emsdetten 05;34;25;7;2;94:22;72;82
2012/13;FuPa.Net;BL12;2;SC Münst. 08;34;23;7;4;90:31;59;76
2012/13;FuPa.Net;BL12;3;SV Burgst.;34;23;6;5;67:21;46;75
2012/13;FuPa.Net;BL12;4;Kinderhaus;34;17;9;8;58:42;16;60
2012/13;FuPa.Net;BL12;5;Wettringen;34;15;10;9;78:45;33;55
2012/13;FuPa.Net;BL12;6;FC E. Rheine II;34;16;6;12;62:45;17;54
2012/13;FuPa.Net;BL12;7;SG Telgte;34;14;6;14;69:56;13;48
2012/13;FuPa.Net;BL12;8;GW Rheine;34;13;9;12;52:44;8;48
2012/13;FuPa.Net;BL12;9;Mecklenbeck;34;13;9;12;63:58;5;48
2012/13;FuPa.Net;BL12;10;Altenberge;34;12;9;13;47:41;6;45
2012/13;FuPa.Net;BL12;11;Ibbenbüren;34;11;8;15;62:76;-14;41
2012/13;FuPa.Net;BL12;12;GWA Rheine;34;11;7;16;52:73;-21;40
2012/13;FuPa.Net;BL12;13;B. Emsdetten;34;11;6;17;45:54;-9;39
2012/13;FuPa.Net;BL12;14;TuS Horstmar;34;12;3;19;42:64;-22;39
2012/13;FuPa.Net;BL12;15;DJK Münster;34;10;7;17;46:63;-17;37
2012/13;FuPa.Net;BL12;16;SC Saerbeck;34;9;5;20;29:58;-29;32
2012/13;FuPa.Net;BL12;17;DJK Gelmer;34;8;3;23;40:83;-43;27
2012/13;FuPa.Net;BL12;18;FC Mecklenb.;34;3;3;28;33:153;-120;12
2011/12;FuPa.Net;LL4;1;SC Hassel;30;18;7;5;55:17;38;61
2011/12;FuPa.Net;LL4;2;BSV Roxel;30;15;11;4;60:46;14;56
2011/12;FuPa.Net;LL4;3;TuS Haltern;30;15;8;7;50:30;20;53
2011/12;FuPa.Net;LL4;4;TSV MarlHüls;30;16;3;11;71:42;29;51
2011/12;FuPa.Net;LL4;5;DJK Coesfeld;30;14;5;11;46:41;5;47
2011/12;FuPa.Net;LL4;6;SV Mesum;30;12;9;9;58:51;7;45
2011/12;FuPa.Net;LL4;7;SV Ahaus;30;13;6;11;63:63;0;45
2011/12;FuPa.Net;LL4;8;SG Borken;30;11;9;10;52:56;-4;42
2011/12;FuPa.Net;LL4;9;Borghorst;30;12;6;12;46:50;-4;42
2011/12;FuPa.Net;LL4;10;GW Nottuln;30;11;8;11;44:38;6;41
2011/12;FuPa.Net;LL4;11;Vikt. Heiden;30;11;6;13;54:57;-3;39
2011/12;FuPa.Net;LL4;12;SV Burgst.;30;10;9;11;46:50;-4;39
2011/12;FuPa.Net;LL4;13;B. Emsdetten;30;10;6;14;51:68;-17;36
2011/12;FuPa.Net;LL4;14;SC Münst. 08;30;6;8;16;31:54;-23;26
2011/12;FuPa.Net;LL4;15;Emsdetten 05;30;4;8;18;45:74;-29;20
2011/12;FuPa.Net;LL4;16;SSV Buer;30;5;5;20;48:83;-35;20
2010/11;FuPa.Net;WL1;1;TuS Dornberg;32;20;8;4;66:33;33;68
2010/11;FuPa.Net;WL1;2;FC E. Rheine;32;17;7;8;72:39;33;58
2010/11;FuPa.Net;WL1;3;SuS Neuenk.;32;16;9;7;49:23;26;57
2010/11;FuPa.Net;WL1;4;Pr. Münster II;32;15;8;9;54:36;18;53
2010/11;FuPa.Net;WL1;5;Hammer SpVg;32;14;11;7;50:33;17;53
2010/11;FuPa.Net;WL1;6;FC Gütersloh;32;15;8;9;56:42;14;53
2010/11;FuPa.Net;WL1;7;SV Lippstadt;32;14;9;9;62:41;21;51
2010/11;FuPa.Net;WL1;8;SC Paderborn II;32;13;9;10;57:32;25;48
2010/11;FuPa.Net;WL1;9;Gievenbeck;32;13;9;10;54:44;10;48
2010/11;FuPa.Net;WL1;10;Delbrück;32;14;5;13;45:43;2;47
2010/11;FuPa.Net;WL1;11;SV Dorsten-H;32;12;10;10;49:42;7;46
2010/11;FuPa.Net;WL1;12;Stadtlohn;32;12;6;14;56:54;2;42
2010/11;FuPa.Net;WL1;13;SV Spexard;32;10;6;16;48:70;-22;36
2010/11;FuPa.Net;WL1;14;Hövelhof SV;32;9;7;16;34:61;-27;34
2010/11;FuPa.Net;WL1;15;Fichte Biele;32;5;9;18;33:71;-38;24
2010/11;FuPa.Net;WL1;16;FC Reckling.;32;5;5;22;31:86;-55;20
2010/11;FuPa.Net;WL1;17;Emsdetten 05;32;3;4;25;26:92;-66;13
2009/10;FuPa.Net;WL1;1;SV Rhynern;34;23;6;5;92:42;50;75
2009/10;FuPa.Net;WL1;2;SV Lippstadt;34;19;10;5;83:34;49;67
2009/10;FuPa.Net;WL1;3;SC Paderborn II;34;19;6;9;63:29;34;63
2009/10;FuPa.Net;WL1;4;SuS Neuenk.;34;18;6;10;68:44;24;60
2009/10;FuPa.Net;WL1;5;TuS Dornberg;34;18;4;12;70:54;16;58
2009/10;FuPa.Net;WL1;6;Stadtlohn;34;15;9;10;74:56;18;54
2009/10;FuPa.Net;WL1;7;FC Gütersloh;34;15;9;10;58:44;14;54
2009/10;FuPa.Net;WL1;8;FC E. Rheine;34;16;6;12;68:59;9;54
2009/10;FuPa.Net;WL1;9;Emsdetten 05;34;14;8;12;59:52;7;50
2009/10;FuPa.Net;WL1;10;Pr. Münster II;34;14;6;14;48:49;-1;48
2009/10;FuPa.Net;WL1;11;RW Ahlen II;34;13;6;15;56:61;-5;45
2009/10;FuPa.Net;WL1;12;Hövelhof SV;34;13;6;15;54:71;-17;45
2009/10;FuPa.Net;WL1;13;Fichte Biele;34;13;5;16;49:54;-5;44
2009/10;FuPa.Net;WL1;14;Delbrück;34;13;4;17;43:51;-8;43
2009/10;FuPa.Net;WL1;15;B. Emsdetten;34;12;5;17;43:62;-19;41
2009/10;FuPa.Net;WL1;16;SV Mesum;34;8;7;19;41:78;-37;31
2009/10;FuPa.Net;WL1;17;RW Horn;34;4;6;24;33:89;-56;18
2009/10;FuPa.Net;WL1;18;Davensberg;34;2;5;27;29:102;-73;11
2008/09;FuPa.Net;WL1;1;Wiedenbrück;34;30;3;1;105:27;78;93
2008/09;FuPa.Net;WL1;2;FC E. Rheine;34;18;11;5;74:43;31;65
2008/09;FuPa.Net;WL1;3;SC Paderborn II;34;19;7;8;69:32;37;64
2008/09;FuPa.Net;WL1;4;Stadtlohn;34;15;8;11;63:43;20;53
2008/09;FuPa.Net;WL1;5;SV Lippstadt;34;15;7;12;66:54;12;52
2008/09;FuPa.Net;WL1;6;RW Horn;34;15;5;14;56:62;-6;50
2008/09;FuPa.Net;WL1;7;SuS Neuenk.;34;13;9;12;63:66;-3;48
2008/09;FuPa.Net;WL1;8;SV Rhynern;34;12;9;13;53:53;0;45
2008/09;FuPa.Net;WL1;9;Emsdetten 05;34;13;6;15;57:60;-3;45
2008/09;FuPa.Net;WL1;10;TuS Dornberg;34;11;11;12;55:60;-5;44
2008/09;FuPa.Net;WL1;11;Davensberg;34;12;8;14;47:55;-8;44
2008/09;FuPa.Net;WL1;12;SpVgg Erken.;34;12;6;16;48:54;-6;42
2008/09;FuPa.Net;WL1;13;B. Emsdetten;34;11;8;15;42:57;-15;41
2008/09;FuPa.Net;WL1;14;RW Ahlen II;34;11;6;17;46:61;-15;39
2008/09;FuPa.Net;WL1;15;TuS Hiltrup;34;11;6;17;39:65;-26;39
2008/09;FuPa.Net;WL1;16;RW Erlingh.;34;9;9;16;49:70;-21;36
2008/09;FuPa.Net;WL1;17;Spvg Brakel;34;10;4;20;45:70;-25;34
2008/09;FuPa.Net;WL1;18;GW Nottuln;34;5;5;24;35:80;-45;20
2007/08;FuPa.Net;WL1;1;VfB Hüls;28;17;6;5;52:26;26;57
2007/08;FuPa.Net;WL1;2;SC Paderborn II;28;16;6;6;48:24;24;54
2007/08;FuPa.Net;WL1;3;SV Rhynern;28;17;2;9;73:40;33;53
2007/08;FuPa.Net;WL1;4;TuS Hiltrup;28;17;2;9;70:43;27;53
2007/08;FuPa.Net;WL1;5;Stadtlohn;28;15;7;6;61:28;33;52
2007/08;FuPa.Net;WL1;6;FC Reckling.;28;13;2;13;49:55;-6;41
2007/08;FuPa.Net;WL1;7;Emsdetten 05;28;11;6;11;42:45;-3;39
2007/08;FuPa.Net;WL1;8;Davensberg;28;10;8;10;51:58;-7;38
2007/08;FuPa.Net;WL1;9;RW Erlingh.;28;10;6;12;41:52;-11;36
2007/08;FuPa.Net;WL1;10;RW Horn;28;10;4;14;44:64;-20;34
2007/08;FuPa.Net;WL1;11;B. Emsdetten;28;7;10;11;46:54;-8;31
2007/08;FuPa.Net;WL1;12;SuS Neuenk.;28;8;5;15;42:60;-18;29
2007/08;FuPa.Net;WL1;13;Spvg Brakel;28;8;4;16;41:58;-17;28
2007/08;FuPa.Net;WL1;14;Maaslingen;28;7;4;17;45:73;-28;25
2007/08;FuPa.Net;WL1;15;SpVgg Vreden;28;5;6;17;36:61;-25;21
2006/07;FuPa.Net;OL;1;SC Verl;34;22;9;3;63:28;35;75
2006/07;FuPa.Net;OL;2;Schalke 04 II;34;19;5;10;67:41;26;62
2006/07;FuPa.Net;OL;3;DSC Arminia II;34;17;10;7;66:40;26;61
2006/07;FuPa.Net;OL;4;SV Lippstadt;34;18;7;9;55:47;8;61
2006/07;FuPa.Net;OL;5;FC Gütersloh;34;17;9;8;56:38;18;60
2006/07;FuPa.Net;OL;6;Pr. Münster ;34;17;7;10;51:32;19;58
2006/07;FuPa.Net;OL;7;Westf. Herne;34;17;3;14;58:50;8;54
2006/07;FuPa.Net;OL;8;SF Lotte;34;13;10;11;59:54;5;49
2006/07;FuPa.Net;OL;9;Delbrück;34;13;8;13;51:49;2;47
2006/07;FuPa.Net;OL;10;VfL Bochum II;34;13;5;16;61:49;12;44
2006/07;FuPa.Net;OL;11;FC E. Rheine;34;12;7;15;50:57;-7;43
2006/07;FuPa.Net;OL;12;SpVgg Erken.;34;9;11;14;43:56;-13;38
2006/07;FuPa.Net;OL;13;SF Oestrich ;34;9;9;16;38:63;-25;36
2006/07;FuPa.Net;OL;14;Hammer SpVg ;34;9;7;18;38:58;-20;34
2006/07;FuPa.Net;OL;15;RW Ahlen II;34;8;8;18;34:52;-18;32
2006/07;FuPa.Net;OL;16;Wattensch 09 ;34;7;11;16;51:72;-21;32
2006/07;FuPa.Net;OL;17;Emsdetten 05;34;7;10;17;49:71;-22;31
2006/07;FuPa.Net;OL;18;VfB Hüls;34;8;6;20;30:63;-33;30
2005/06;FuPa.Net;OL;1;Dortmund II ;34;24;7;3;79:25;54;79
2005/06;FuPa.Net;OL;2;SC Verl;34;21;7;6;75:43;32;70
2005/06;FuPa.Net;OL;3;FC Gütersloh;34;17;8;9;71:41;30;59
2005/06;FuPa.Net;OL;4;Schalke 04 II;34;17;7;10;64:43;21;58
2005/06;FuPa.Net;OL;5;SF Lotte;34;15;11;8;49:43;6;56
2005/06;FuPa.Net;OL;6;VfL Bochum II;34;15;6;13;61:52;9;51
2005/06;FuPa.Net;OL;7;VfB Hüls;34;13;7;14;48:53;-5;46
2005/06;FuPa.Net;OL;8;Westf. Herne ;34;12;8;14;47:51;-4;44
2005/06;FuPa.Net;OL;9;Emsdetten 05;34;11;10;13;44:57;-13;43
2005/06;FuPa.Net;OL;10;DSC Arminia II ;34;10;12;12;36:38;-2;42
2005/06;FuPa.Net;OL;11;LR Ahlen II;34;11;9;14;36:43;-7;42
2005/06;FuPa.Net;OL;12;Delbrück ;34;10;11;13;35:46;-11;41
2005/06;FuPa.Net;OL;13;SV Lippstadt;34;12;5;17;43:65;-22;41
2005/06;FuPa.Net;OL;14;FC E. Rheine;34;11;6;17;44:65;-21;39
2005/06;FuPa.Net;OL;15;SpVgg Erken.;34;10;8;16;32:45;-13;38
2005/06;FuPa.Net;OL;16;SF Siegen II;34;9;7;18;42:63;-21;34
2005/06;FuPa.Net;OL;17;Schermbeck;34;9;6;19;43:46;-3;33
2005/06;FuPa.Net;OL;18;Fichte Biele;34;8;7;19;31:61;-30;31
2004/05;FuPa.Net;OL;1;Wattensch 09 ;34;21;8;5;78:34;44;71
2004/05;FuPa.Net;OL;2;VfL Bochum II;34;22;4;8;78:39;39;70
2004/05;FuPa.Net;OL;3;Schalke 04 II ;34;18;6;10;64:42;22;60
2004/05;FuPa.Net;OL;4;VfB Hüls;34;17;8;9;71:45;26;59
2004/05;FuPa.Net;OL;5;SC Verl;34;17;8;9;55:41;14;59
2004/05;FuPa.Net;OL;6;Emsdetten 05;34;17;7;10;51:55;-4;58
2004/05;FuPa.Net;OL;7;LR Ahlen II;34;14;12;8;58:42;16;54
2004/05;FuPa.Net;OL;8;SF Lotte ;34;14;8;12;54:55;-1;50
2004/05;FuPa.Net;OL;9;FC E. Rheine;34;12;8;14;62:55;7;44
2004/05;FuPa.Net;OL;10;FC Gütersloh;34;11;11;12;47:49;-2;44
2004/05;FuPa.Net;OL;11;Fichte Biele;34;12;7;15;57:65;-8;43
2004/05;FuPa.Net;OL;12;SpVgg Erken. ;34;11;9;14;37:45;-8;42
2004/05;FuPa.Net;OL;13;Schermbeck;34;10;11;13;59:60;-1;41
2004/05;FuPa.Net;OL;14;SF Siegen II;34;9;6;19;46:59;-13;33
2004/05;FuPa.Net;OL;15;SV Lippstadt;34;7;10;17;44:66;-22;31
2004/05;FuPa.Net;OL;16;Sprockhövel;34;9;4;21;33:62;-29;31
2004/05;FuPa.Net;OL;17;Kornharpen;34;9;4;21;45:87;-42;31
2004/05;FuPa.Net;OL;18;SC Hassel;34;6;9;19;35:73;-38;27
2003/04;FuPa.Net;OL;1;DSC Arminia II;34;18;8;8;74:44;30;62
2003/04;FuPa.Net;OL;2;SC Verl ;34;17;9;8;68:41;27;60
2003/04;FuPa.Net;OL;3;VfL Bochum II;34;17;8;9;63:39;24;59
2003/04;FuPa.Net;OL;4;Fichte Biele;34;16;9;9;55:48;7;57
2003/04;FuPa.Net;OL;5;LR Ahlen II ;34;16;7;11;75:42;33;55
2003/04;FuPa.Net;OL;6;VfB Hüls;34;13;12;9;53:45;8;51
2003/04;FuPa.Net;OL;7;SC Hassel;34;14;7;13;49:52;-3;49
2003/04;FuPa.Net;OL;8;FC Gütersloh;34;14;7;13;47:50;-3;49
2003/04;FuPa.Net;OL;9;Kornharpen ;34;13;8;13;52:52;0;47
2003/04;FuPa.Net;OL;10;FC E. Rheine;34;12;11;11;50:55;-5;47
2003/04;FuPa.Net;OL;11;SV Lippstadt;34;13;7;14;51:51;0;46
2003/04;FuPa.Net;OL;12;Wattensch 09 II;34;13;6;15;51:56;-5;45
2003/04;FuPa.Net;OL;13;Schermbeck ;34;12;8;14;53:51;2;44
2003/04;FuPa.Net;OL;14;Emsdetten 05;34;12;7;15;54:57;-3;43
2003/04;FuPa.Net;OL;15;SF Siegen II;34;11;8;15;58:61;-3;41
2003/04;FuPa.Net;OL;16;Sprockhövel;34;10;11;13;56:71;-15;41
2003/04;FuPa.Net;OL;17;Stadtlohn;34;10;10;14;46:58;-12;40
2003/04;FuPa.Net;OL;18;Lüner SV;34;2;3;29;28:110;-82;9
2002/03;FuPa.Net;OL;1;Schalke 04 II;34;28;2;4;103:35;68;86
2002/03;FuPa.Net;OL;2;VfL Bochum II;34;24;5;5;79:35;44;77
2002/03;FuPa.Net;OL;3;FC Gütersloh;34;21;6;7;77:39;38;69
2002/03;FuPa.Net;OL;4;SV Lippstadt;34;19;9;6;74:46;28;66
2002/03;FuPa.Net;OL;5;FC E. Rheine;34;15;6;13;63:60;3;51
2002/03;FuPa.Net;OL;6;Wattensch 09 II;34;14;6;14;54:59;-5;48
2002/03;FuPa.Net;OL;7;VfB Hüls;34;12;10;12;55:48;7;46
2002/03;FuPa.Net;OL;8;Stadtlohn;34;12;8;14;37:47;-10;44
2002/03;FuPa.Net;OL;9;Fichte Biele;34;11;10;13;49:48;1;43
2002/03;FuPa.Net;OL;10;SF Siegen II ;34;12;7;15;49:61;-12;43
2002/03;FuPa.Net;OL;11;SC Hassel;34;11;8;15;36:55;-19;41
2002/03;FuPa.Net;OL;12;Emsdetten 05 ;34;11;6;17;45:57;-12;39
2002/03;FuPa.Net;OL;13;Lüner SV;34;10;8;16;55:66;-11;38
2002/03;FuPa.Net;OL;14;DSC Arminia II ;34;9;10;15;41:63;-22;37
2002/03;FuPa.Net;OL;15;Sprockhövel ;34;10;5;19;46:72;-26;35
2002/03;FuPa.Net;OL;16;TuS Hordel;34;8;9;17;52:62;-10;33
2002/03;FuPa.Net;OL;17;Westf. Herne;34;5;13;16;39:61;-22;28
2002/03;FuPa.Net;OL;18;TSG Dülmen;34;7;6;21;40:80;-40;27
2001/02;FuPa.Net;WL1;1;DSC Arminia II;28;23;3;2;71:30;41;72
2001/02;FuPa.Net;WL1;2;Emsdetten 05;28;19;1;8;64:35;29;58
2001/02;FuPa.Net;WL1;3;LR Ahlen II;28;17;4;7;67:26;41;55
2001/02;FuPa.Net;WL1;4;SV Enger-W. ;28;16;7;5;65:33;32;55
2001/02;FuPa.Net;WL1;5;SF Lotte;28;13;6;9;40:37;3;45
2001/02;FuPa.Net;WL1;6;SC Herford ;28;11;7;10;48:39;9;40
2001/02;FuPa.Net;WL1;7;Wiedenbrück;28;9;7;12;36:36;0;34
2001/02;FuPa.Net;WL1;8;Hammer SpVg;28;9;7;12;41:50;-9;34
2001/02;FuPa.Net;WL1;9;Davensberg;28;9;6;13;43:51;-8;33
2001/02;FuPa.Net;WL1;10;Delbrück ;28;8;6;14;49:68;-19;30
2001/02;FuPa.Net;WL1;11;SpVgg Vreden;28;8;6;14;37:59;-22;30
2001/02;FuPa.Net;WL1;12;Spvg Brakel;28;7;8;13;33:51;-18;29
2001/02;FuPa.Net;WL1;13;SV Rhynern;28;7;5;16;45:61;-16;26
2001/02;FuPa.Net;WL1;14;B. Emsdetten;28;6;8;14;26:51;-25;26
2001/02;FuPa.Net;WL1;15;SSV Meschede;28;5;5;18;30:68;-38;20
2001/02;FuPa.Net;WL1;16;Beckumer SV ;0;0;0;0;0:0;0;0
2000/01;FuPa.Net;WL1;1;Fichte Biele;28;20;4;4;65:26;39;64
2000/01;FuPa.Net;WL1;2;Hövelhof SV;28;19;2;7;68:35;33;59
2000/01;FuPa.Net;WL1;3;Wiedenbrück ;28;16;3;9;49:30;19;51
2000/01;FuPa.Net;WL1;4;Emsdetten 05 ;28;14;6;8;42:38;4;48
2000/01;FuPa.Net;WL1;5;Hammer SpVg;28;14;4;10;53:44;9;46
2000/01;FuPa.Net;WL1;6;DSC Arminia II ;28;12;6;10;52:35;17;42
2000/01;FuPa.Net;WL1;7;LR Ahlen II;28;12;6;10;53:41;12;42
2000/01;FuPa.Net;WL1;8;SF Lotte;28;11;7;10;46:46;0;40
2000/01;FuPa.Net;WL1;9;SpVgg Vreden;28;11;5;12;43:50;-7;38
2000/01;FuPa.Net;WL1;10;B. Emsdetten;28;11;3;14;40:44;-4;36
2000/01;FuPa.Net;WL1;11;Davensberg;28;9;8;11;47:44;3;35
2000/01;FuPa.Net;WL1;12;SV Rhynern;28;7;4;17;33:47;-14;25
2000/01;FuPa.Net;WL1;13;Spvg Brakel;28;7;4;17;44:70;-26;25
2000/01;FuPa.Net;WL1;14;FC Rhade;28;5;6;17;28:70;-42;21
2000/01;FuPa.Net;WL1;15;VfB Marsberg;28;5;6;17;38:81;-43;21
1999/00;FuPa.Net;LL4;1;Emsdetten 05;28;16;7;5;50:25;25;55
1999/00;FuPa.Net;LL4;2;Westf. Gemen ;28;15;7;6;65:41;24;52
1999/00;FuPa.Net;LL4;3;Hochlarmark ;28;15;4;9;63:44;19;49
1999/00;FuPa.Net;LL4;4;TSV MarlHüls;28;13;8;7;49:35;14;47
1999/00;FuPa.Net;LL4;5;Gievenbeck;28;12;9;7;48:41;7;45
1999/00;FuPa.Net;LL4;6;SV Mesum;28;11;7;10;47:46;1;40
1999/00;FuPa.Net;LL4;7;SuS Neuenk. ;28;12;3;13;39:33;6;39
1999/00;FuPa.Net;LL4;8;FC Oeding;28;11;5;12;44:54;-10;38
1999/00;FuPa.Net;LL4;9;SC Greven 09;28;9;8;11;42:54;-12;35
1999/00;FuPa.Net;LL4;10;GW Nottuln;28;7;11;10;41:46;-5;32
1999/00;FuPa.Net;LL4;11;Wettringen;28;7;11;10;40:46;-6;32
1999/00;FuPa.Net;LL4;12;SuS Waltrop ;28;9;5;14;41:53;-12;32
1999/00;FuPa.Net;LL4;13;Pr. Münster II;28;8;7;13;29:39;-10;31
1999/00;FuPa.Net;LL4;14;VfL Grafenw.;28;8;5;15;46:63;-17;29
1999/00;FuPa.Net;LL4;15;Schöppingen;28;6;5;17;31:55;-24;23
1999/00;FuPa.Net;LL4;16;VfB Waltrop ;0;0;0;0;0:0;0;0
1998/99;FuPa.Net;LL4;1;SC Hassel;30;20;6;4;60:30;30;66
1998/99;FuPa.Net;LL4;2;FC Rhade ;30;19;4;7;90:45;45;61
1998/99;FuPa.Net;LL4;3;Emsdetten 05;30;18;6;6;61:35;26;60
1998/99;FuPa.Net;LL4;4;Wettringen;30;13;8;9;58:44;14;47
1998/99;FuPa.Net;LL4;5;SC Münst. 08;30;13;7;10;51:45;6;46
1998/99;FuPa.Net;LL4;6;Pr. Münster II;30;11;9;10;62:50;12;42
1998/99;FuPa.Net;LL4;7;Schöppingen;30;10;10;10;41:40;1;40
1998/99;FuPa.Net;LL4;8;SV Mesum;30;12;4;14;63:67;-4;40
1998/99;FuPa.Net;LL4;9;VfL Grafenw.;30;9;8;13;38:47;-9;35
1998/99;FuPa.Net;LL4;10;FC Oeding;30;8;11;11;40:52;-12;35
1998/99;FuPa.Net;LL4;11;SC Greven 09;30;10;5;15;39:53;-14;35
1998/99;FuPa.Net;LL4;12;TSV MarlHüls ;30;9;8;13;44:62;-18;35
1998/99;FuPa.Net;LL4;13;GW Nottuln;30;9;7;14;55:72;-17;34
1998/99;FuPa.Net;LL4;14;Gievenbeck;30;8;9;13;43:45;-2;33
1998/99;FuPa.Net;LL4;15;Ibbenbürener ;30;8;6;16;49:65;-16;30
1998/99;FuPa.Net;LL4;16;VfL Reken ;30;7;4;19;33:75;-42;25
1997/98;FuPa.Net;LL4;1;SpVgg Vreden;30;15;8;7;71:43;28;53
1997/98;FuPa.Net;LL4;2;SuS Waltrop;30;14;8;8;83:59;24;50
1997/98;FuPa.Net;LL4;3;SC Hassel ;30;14;7;9;59:38;21;49
1997/98;FuPa.Net;LL4;4;Gievenbeck;30;14;7;9;56:50;6;49
1997/98;FuPa.Net;LL4;5;GW Nottuln ;30;13;10;7;44:38;6;49
1997/98;FuPa.Net;LL4;6;SC Münst. 08;30;12;11;7;45:27;18;47
1997/98;FuPa.Net;LL4;7;Emsdetten 05;30;12;11;7;44:30;14;47
1997/98;FuPa.Net;LL4;8;Pr. Münster II;30;10;13;7;52:44;8;43
1997/98;FuPa.Net;LL4;9;Schöppingen;30;11;9;10;42:42;0;42
1997/98;FuPa.Net;LL4;10;SV Mesum ;30;11;8;11;58:66;-8;41
1997/98;FuPa.Net;LL4;11;VfL Grafenw.;30;9;12;9;47:57;-10;39
1997/98;FuPa.Net;LL4;12;Wettringen;30;10;7;13;48:53;-5;37
1997/98;FuPa.Net;LL4;13;SC Greven 09;30;10;4;16;42:54;-12;34
1997/98;FuPa.Net;LL4;14;FC Oeding;30;7;9;14;37:58;-21;30
1997/98;FuPa.Net;LL4;15;FC Gladbeck ;30;7;4;19;51:71;-20;25
1997/98;FuPa.Net;LL4;16;SG Hillen;30;5;4;21;37:86;-49;19
1996/97;FuPa.Net;LL4;1;B. Emsdetten;28;17;9;2;63:29;34;60
1996/97;FuPa.Net;LL4;2;VfL Grafenw.;28;15;7;6;55:38;17;52
1996/97;FuPa.Net;LL4;3;Pr. Münster II;28;14;9;5;57:31;26;51
1996/97;FuPa.Net;LL4;4;Gievenbeck;28;13;7;8;46:36;10;46
1996/97;FuPa.Net;LL4;5;SC Münst. 08;28;11;9;8;39:31;8;42
1996/97;FuPa.Net;LL4;6;SuS Waltrop;28;10;8;10;43:50;-7;38
1996/97;FuPa.Net;LL4;7;SC Greven 09;28;8;12;8;44:38;6;36
1996/97;FuPa.Net;LL4;8;SpVgg Vreden;28;9;7;12;46:53;-7;34
1996/97;FuPa.Net;LL4;9;FC Oeding ;28;5;17;6;37:36;1;32
1996/97;FuPa.Net;LL4;10;Wettringen;28;7;10;11;34:50;-16;31
1996/97;FuPa.Net;LL4;11;SG Hillen ;28;7;8;13;34:47;-13;29
1996/97;FuPa.Net;LL4;12;Emsdetten 05;28;6;11;11;23:39;-16;29
1996/97;FuPa.Net;LL4;13;Schöppingen;28;6;10;12;40:44;-4;28
1996/97;FuPa.Net;LL4;14;TuS Haltern;28;7;6;15;45:59;-14;27
1996/97;FuPa.Net;LL4;15;VfL Drewer ;28;6;8;14;28:53;-25;26
1996/97;FuPa.Net;LL4;16;Hansa Schol.;0;0;0;0;0:0;0;0
1995/96;FuPa.Net;LL4;1;SF Lotte;26;19;3;4;50:17;33;60
1995/96;FuPa.Net;LL4;2;SC Münst. 08;26;17;5;4;65:19;46;56
1995/96;FuPa.Net;LL4;3;Emsdetten 05;26;12;9;5;51:34;17;45
1995/96;FuPa.Net;LL4;4;SuS Waltrop;26;11;8;7;44:31;13;41
1995/96;FuPa.Net;LL4;5;SpVgg Vreden ;26;11;8;7;60:48;12;41
1995/96;FuPa.Net;LL4;6;Pr. Münster II;26;11;5;10;40:36;4;38
1995/96;FuPa.Net;LL4;7;Gievenbeck;26;10;8;8;35:34;1;38
1995/96;FuPa.Net;LL4;8;B. Emsdetten;26;10;6;10;41:34;7;36
1995/96;FuPa.Net;LL4;9;Wettringen ;26;6;10;10;36:43;-7;28
1995/96;FuPa.Net;LL4;10;Schöppingen;26;6;10;10;22:37;-15;28
1995/96;FuPa.Net;LL4;11;VfL Grafenw. ;26;7;4;15;25:57;-32;25
1995/96;FuPa.Net;LL4;12;Hansa Schol.;26;6;6;14;26:53;-27;24
1995/96;FuPa.Net;LL4;13;TuS Haltern;26;7;3;16;31:60;-29;24
1995/96;FuPa.Net;LL4;14;SV Ahaus;26;5;3;18;23:46;-23;18
1995/96;FuPa.Net;LL4;15;1. FC Reckl.;0;0;0;0;0:0;0;0
1994/95;FuPa.Net;LL4;1;VfB Waltrop;30;21;4;5;62:32;30;67
1994/95;FuPa.Net;LL4;2;SF Lotte;30;19;7;4;58:19;39;64
1994/95;FuPa.Net;LL4;3;1. FC Reckl. ;30;15;9;6;72:40;32;54
1994/95;FuPa.Net;LL4;4;Emsdetten 05;30;16;3;11;44:43;1;51
1994/95;FuPa.Net;LL4;5;B. Emsdetten;30;12;11;7;53:37;16;47
1994/95;FuPa.Net;LL4;6;SC Münst. 08 ;30;13;7;10;42:28;14;46
1994/95;FuPa.Net;LL4;7;Pr. Münster II;30;12;10;8;45:32;13;46
1994/95;FuPa.Net;LL4;8;Hansa Schol. ;30;10;10;10;59:55;4;40
1994/95;FuPa.Net;LL4;9;Schöppingen;30;11;4;15;38:45;-7;37
1994/95;FuPa.Net;LL4;10;TuS Haltern;30;10;7;13;60:73;-13;37
1994/95;FuPa.Net;LL4;11;SuS Waltrop;30;8;12;10;31:36;-5;36
1994/95;FuPa.Net;LL4;12;SV Ahaus ;30;9;9;12;47:54;-7;36
1994/95;FuPa.Net;LL4;13;Gievenbeck;30;8;10;12;38:48;-10;34
1994/95;FuPa.Net;LL4;14;Südkirchen;30;5;10;15;36:60;-24;25
1994/95;FuPa.Net;LL4;15;FC E. Rheine II;30;3;10;17;39:62;-23;19
1994/95;FuPa.Net;LL4;16;SSV Buer;30;4;5;21;21:81;-60;17
1990/91;FuPa.Net;WL1;1;FC Gütersloh ;30;18;7;5;56:25;31;43
1990/91;FuPa.Net;WL1;2;Schalke 04 II;30;14;12;4;57:24;33;40
1990/91;FuPa.Net;WL1;3;Hammer SpVg ;30;17;5;8;63:37;26;39
1990/91;FuPa.Net;WL1;4;Spvg Brakel;30;15;7;8;46:29;17;37
1990/91;FuPa.Net;WL1;5;Stadtlohn;30;12;12;6;40:28;12;36
1990/91;FuPa.Net;WL1;6;Pr. Lengeri. ;30;14;7;9;39:41;-2;35
1990/91;FuPa.Net;WL1;7;SC Herford;30;10;10;10;44:46;-2;30
1990/91;FuPa.Net;WL1;8;SpVgg Fichte Bielefeld ;30;10;10;10;43:50;-7;30
1990/91;FuPa.Net;WL1;9;SC Südlohn;30;11;7;12;50:46;4;29
1990/91;FuPa.Net;WL1;10;STV Horst-E.;30;9;9;12;34:41;-7;27
1990/91;FuPa.Net;WL1;11;Holzwickede;30;8;9;13;48:49;-1;25
1990/91;FuPa.Net;WL1;12;Bünder SV;30;9;7;14;39:53;-14;25
1990/91;FuPa.Net;WL1;13;Lippstadt ;30;6;11;13;29:47;-18;23
1990/91;FuPa.Net;WL1;14;RW Unna;30;5;13;12;33:55;-22;23
1990/91;FuPa.Net;WL1;15;Emsdetten 05;30;6;7;17;32:49;-17;19
1990/91;FuPa.Net;WL1;16;SpVg. Steinh;30;9;1;20;19:52;-33;19
1989/90;FuPa.Net;WL1;1;VfB Hüls;30;18;7;5;61:28;33;43
1989/90;FuPa.Net;WL1;2;1. FC Reckl.;30;13;13;4;45:25;20;39
1989/90;FuPa.Net;WL1;3;SpVg. Steinh;30;13;9;8;39:27;12;35
1989/90;FuPa.Net;WL1;4;Bünder SV ;30;14;6;10;37:36;1;34
1989/90;FuPa.Net;WL1;5;Stadtlohn;30;13;7;10;47:35;12;33
1989/90;FuPa.Net;WL1;6;RW Unna;30;13;7;10;52:53;-1;33
1989/90;FuPa.Net;WL1;7;Emsdetten 05;30;12;6;12;37:29;8;30
1989/90;FuPa.Net;WL1;8;Spvg Brakel;30;11;8;11;37:42;-5;30
1989/90;FuPa.Net;WL1;9;Holzwickede ;30;10;8;12;34:39;-5;28
1989/90;FuPa.Net;WL1;10;SC Südlohn ;30;9;10;11;34:40;-6;28
1989/90;FuPa.Net;WL1;11;STV Horst-E.;30;8;11;11;38:37;1;27
1989/90;FuPa.Net;WL1;12;Schalke 04 II;30;10;7;13;42:46;-4;27
1989/90;FuPa.Net;WL1;13;SC Herford;30;8;11;11;31:47;-16;27
1989/90;FuPa.Net;WL1;14;TSG Dülmen;30;9;7;14;38:47;-9;25
1989/90;FuPa.Net;WL1;15;TuS Hiltrup;30;6;9;15;29:47;-18;21
1989/90;FuPa.Net;WL1;16;DSC Arminia II;30;6;8;16;25:48;-23;20
1988/89;FuPa.Net;WL1;1;1. FC Reckl.;30;18;8;4;82:30;52;44
1988/89;FuPa.Net;WL1;2;Beckumer SV;30;17;10;3;61:31;30;44
1988/89;FuPa.Net;WL1;3;SpVg. Steinh;30;14;9;7;54:35;19;37
1988/89;FuPa.Net;WL1;4;Spvg Brakel;30;13;8;9;57:32;25;34
1988/89;FuPa.Net;WL1;5;Emsdetten 05;30;10;13;7;48:38;10;33
1988/89;FuPa.Net;WL1;6;VfB Hüls;30;9;15;6;45:37;8;33
1988/89;FuPa.Net;WL1;7;SC Herford;30;11;11;8;42:42;0;33
1988/89;FuPa.Net;WL1;8;Schalke 04 II;30;10;11;9;51:42;9;31
1988/89;FuPa.Net;WL1;9;TSG Dülmen;30;12;6;12;46:43;3;30
1988/89;FuPa.Net;WL1;10;Stadtlohn;30;9;11;10;56:44;12;29
1988/89;FuPa.Net;WL1;11;STV Horst-E.;30;9;11;10;47:54;-7;29
1988/89;FuPa.Net;WL1;12;TuS Hiltrup ;30;9;10;11;44:40;4;28
1988/89;FuPa.Net;WL1;13;RW Unna ;30;6;12;12;37:44;-7;24
1988/89;FuPa.Net;WL1;14;DSC Arminia II ;30;7;10;13;52:60;-8;24
1988/89;FuPa.Net;WL1;15;VfL Reken ;30;7;10;13;38:66;-28;24
1988/89;FuPa.Net;WL1;16;TBV Lemgo;30;0;3;27;15:137;-122;3
1987/88;FuPa.Net;WL1;1;VfB Rheine;32;20;7;5;75:32;43;47
1987/88;FuPa.Net;WL1;2;1. FC Reckl. ;32;16;12;4;69:28;41;44
1987/88;FuPa.Net;WL1;3;VfB Hüls ;32;15;10;7;60:42;18;40
1987/88;FuPa.Net;WL1;4;Beckumer SV;32;15;8;9;49:40;9;38
1987/88;FuPa.Net;WL1;5;Emsdetten 05;32;12;10;10;58:42;16;34
1987/88;FuPa.Net;WL1;6;Spvg Brakel;32;13;8;11;55:50;5;34
1987/88;FuPa.Net;WL1;7;TSG Dülmen;32;13;7;12;56:47;9;33
1987/88;FuPa.Net;WL1;8;STV Horst-E.;32;11;10;11;43:54;-11;32
1987/88;FuPa.Net;WL1;9;Schalke 04 II;32;10;11;11;43:41;2;31
1987/88;FuPa.Net;WL1;10;TBV Lemgo ;32;10;11;11;65:67;-2;31
1987/88;FuPa.Net;WL1;11;SC Herford;32;9;13;10;42:47;-5;31
1987/88;FuPa.Net;WL1;12;SpVg. Steinh;32;11;8;13;52:56;-4;30
1987/88;FuPa.Net;WL1;13;Stadtlohn;32;11;8;13;53:59;-6;30
1987/88;FuPa.Net;WL1;14;Bünder SV;32;9;10;13;29:42;-13;28
1987/88;FuPa.Net;WL1;15;Lippstadt;32;10;5;17;43:66;-23;25
1987/88;FuPa.Net;WL1;16;SCEintr.Hamm ;32;9;6;17;38:76;-38;24
1987/88;FuPa.Net;WL1;17;Hövelhof SV;32;5;2;25;40:81;-41;12
1986/87;FuPa.Net;WL1;1;SpVg Marl;34;21;9;4;72:34;38;51
1986/87;FuPa.Net;WL1;2;SC Hassel;34;23;4;7;95:41;54;50
1986/87;FuPa.Net;WL1;3;Emsdetten 05;34;20;6;8;71:43;28;46
1986/87;FuPa.Net;WL1;4;Schalke 04 II ;34;17;8;9;76:44;32;42
1986/87;FuPa.Net;WL1;5;VfB Rheine;34;16;9;9;51:43;8;41
1986/87;FuPa.Net;WL1;6;SpVg. Steinh;34;16;8;10;57:40;17;40
1986/87;FuPa.Net;WL1;7;Spvg Brakel ;34;16;8;10;63:51;12;40
1986/87;FuPa.Net;WL1;8;Bünder SV;34;15;9;10;54:41;13;39
1986/87;FuPa.Net;WL1;9;Stadtlohn;34;17;5;12;60:48;12;39
1986/87;FuPa.Net;WL1;10;TSG Dülmen;34;15;4;15;52:53;-1;34
1986/87;FuPa.Net;WL1;11;Hövelhof SV;34;13;7;14;46:53;-7;33
1986/87;FuPa.Net;WL1;12;STV Horst-E.;34;13;6;15;59:59;0;32
1986/87;FuPa.Net;WL1;13;SC Herford ;34;11;9;14;52:54;-2;31
1986/87;FuPa.Net;WL1;14;Beckumer SV;34;10;11;13;51:53;-2;31
1986/87;FuPa.Net;WL1;15;TSV MarlHüls;34;9;9;16;43:59;-16;27
1986/87;FuPa.Net;WL1;16;SV Wilmsberg ;34;4;9;21;41:80;-39;17
1986/87;FuPa.Net;WL1;17;Weser Leteln;34;3;4;27;25:111;-86;10
1986/87;FuPa.Net;WL1;18;TuS Ahlen;34;2;5;27;24:85;-61;9
1985/86;FuPa.Net;WL1;1;SC Verl;36;24;7;5;87:32;55;55
1985/86;FuPa.Net;WL1;2;Bünder SV;36;21;9;6;71:33;38;51
1985/86;FuPa.Net;WL1;3;VfB Rheine;36;20;10;6;80:34;46;50
1985/86;FuPa.Net;WL1;4;Stadtlohn;36;19;11;6;60:25;35;49
1985/86;FuPa.Net;WL1;5;SC Hassel;36;15;11;10;53:37;16;41
1985/86;FuPa.Net;WL1;6;SpVg. Steinh ;36;14;11;11;58:46;12;39
1985/86;FuPa.Net;WL1;7;TSG Dülmen ;36;17;4;15;54:40;14;38
1985/86;FuPa.Net;WL1;8;SpVg Marl;36;13;12;11;57:54;3;38
1985/86;FuPa.Net;WL1;9;Hövelhof SV;36;12;13;11;57:52;5;37
1985/86;FuPa.Net;WL1;10;Emsdetten 05;36;12;13;11;61:59;2;37
1985/86;FuPa.Net;WL1;11;Weser Leteln;36;14;7;15;51:64;-13;35
1985/86;FuPa.Net;WL1;12;Beckumer SV;36;12;7;17;55:63;-8;31
1985/86;FuPa.Net;WL1;13;STV Horst-E.;36;11;8;17;49:73;-24;30
1985/86;FuPa.Net;WL1;14;TuS Ahlen;36;8;14;14;32:64;-32;30
1985/86;FuPa.Net;WL1;15;TSV MarlHüls;36;10;9;17;42:63;-21;29
1985/86;FuPa.Net;WL1;16;FC Gohfeld ;36;9;9;18;45:69;-24;27
1985/86;FuPa.Net;WL1;17;VfB 03 Bielefeld;36;9;9;18;42:69;-27;27
1985/86;FuPa.Net;WL1;18;DSC Arminia II;36;6;12;18;33:57;-24;24
1985/86;FuPa.Net;WL1;19;TuS Paderborn-Neuhaus II ;36;5;6;25;29:82;-53;16
1984/85;FuPa.Net;WL1;1;1. FC Reckl.;0;0;0;0;0:0;0;0
1984/85;FuPa.Net;WL1;2;SC Verl;0;0;0;0;0:0;0;0
1984/85;FuPa.Net;WL1;3;SC Hassel;0;0;0;0;0:0;0;0
1984/85;FuPa.Net;WL1;4;TSV MarlHüls;0;0;0;0;0:0;0;0
1984/85;FuPa.Net;WL1;5;Beckumer SV;0;0;0;0;0:0;0;0
1984/85;FuPa.Net;WL1;6;VfB Rheine;0;0;0;0;0:0;0;0
1984/85;FuPa.Net;WL1;7;Hövelhof SV;0;0;0;0;0:0;0;0
1984/85;FuPa.Net;WL1;8;DSC Arminia II;0;0;0;0;0:0;0;0
1984/85;FuPa.Net;WL1;9;Emsdetten 05;0;0;0;0;0:0;0;0
1984/85;FuPa.Net;WL1;10;SpVg Marl;0;0;0;0;0:0;0;0
1984/85;FuPa.Net;WL1;11;Stadtlohn;0;0;0;0;0:0;0;0
1984/85;FuPa.Net;WL1;12;Bünder SV;0;0;0;0;0:0;0;0
1984/85;FuPa.Net;WL1;13;Weser Leteln;0;0;0;0;0:0;0;0
1984/85;FuPa.Net;WL1;14;TuS Ahlen;0;0;0;0;0:0;0;0
1984/85;FuPa.Net;WL1;15;STV Horst-E.;0;0;0;0;0:0;0;0
1984/85;FuPa.Net;WL1;16;B. Oeynhause;0;0;0;0;0:0;0;0
1983/84;FuPa.Net;WL1;1;VfL Reken;34;21;6;7;71:33;38;48
1983/84;FuPa.Net;WL1;2;1. FC Reckl.;34;18;9;7;68:40;28;45
1983/84;FuPa.Net;WL1;3;TSV MarlHüls;34;14;16;4;69:40;29;44
1983/84;FuPa.Net;WL1;4;SC Verl;34;16;11;7;64:44;20;43
1983/84;FuPa.Net;WL1;5;Lippstadt;34;14;10;10;73:60;13;38
1983/84;FuPa.Net;WL1;6;VfB 03 Bielefeld;34;12;13;9;55:45;10;37
1983/84;FuPa.Net;WL1;7;VfB Rheine ;34;14;8;12;50:48;2;36
1983/84;FuPa.Net;WL1;8;Weser Leteln;34;12;12;10;53:57;-4;36
1983/84;FuPa.Net;WL1;9;STV Horst-E.;34;12;8;14;62:62;0;32
1983/84;FuPa.Net;WL1;10;SpVgg Fichte Bielefeld;34;9;13;12;44:50;-6;31
1983/84;FuPa.Net;WL1;11;SpVg Marl ;34;11;9;14;42:51;-9;31
1983/84;FuPa.Net;WL1;12;Bünder SV;34;10;10;14;47:45;2;30
1983/84;FuPa.Net;WL1;13;TuS Ahlen;34;9;12;13;53:61;-8;30
1983/84;FuPa.Net;WL1;14;B. Oeynhause;34;9;12;13;40:51;-11;30
1983/84;FuPa.Net;WL1;15;Emsdetten 05;34;11;8;15;48:66;-18;30
1983/84;FuPa.Net;WL1;16;Hövelhof SV ;34;10;8;16;53:65;-12;28
1983/84;FuPa.Net;WL1;17;TuS Hiltrup;34;6;12;16;48:75;-27;24
1983/84;FuPa.Net;WL1;18;Lippspringe;34;7;5;22;46:93;-47;19
1982/83;FuPa.Net;WL1;1;FC Gohfeld;34;23;6;5;92:30;62;52
1982/83;FuPa.Net;WL1;2;1. FC Reckl.;34;22;7;5;81:34;47;51
1982/83;FuPa.Net;WL1;3;Weser Leteln ;34;19;11;4;84:45;39;49
1982/83;FuPa.Net;WL1;4;SC Verl;34;23;2;9;68:42;26;48
1982/83;FuPa.Net;WL1;5;VfL Reken;34;16;12;6;66:37;29;44
1982/83;FuPa.Net;WL1;6;Emsdetten 05;34;15;11;8;62:58;4;41
1982/83;FuPa.Net;WL1;7;TSV MarlHüls;34;14;12;8;54:42;12;40
1982/83;FuPa.Net;WL1;8;VfB 03 Bielefeld;34;9;13;12;63:67;-4;31
1982/83;FuPa.Net;WL1;9;TuS Ahlen ;34;9;12;13;49:71;-22;30
1982/83;FuPa.Net;WL1;10;SpVgg Fichte Bielefeld;34;10;9;15;65:62;3;29
1982/83;FuPa.Net;WL1;11;B. Oeynhause;34;9;10;15;41:52;-11;28
1982/83;FuPa.Net;WL1;12;STV Horst-E. ;34;9;10;15;45:66;-21;28
1982/83;FuPa.Net;WL1;13;Lippspringe;34;11;5;18;48:59;-11;27
1982/83;FuPa.Net;WL1;14;Bünder SV;34;7;12;15;36:55;-19;26
1982/83;FuPa.Net;WL1;15;TuS Hiltrup;34;7;11;16;48:82;-34;25
1982/83;FuPa.Net;WL1;16;TuS Haltern;34;6;11;17;52:75;-23;23
1982/83;FuPa.Net;WL1;17;VfB Alstätte ;34;5;11;18;41:77;-36;21
1982/83;FuPa.Net;WL1;18;SV Ahlen;34;8;3;23;44:85;-41;19
1981/82;FuPa.Net;WL1;1;Schöppingen;30;19;8;3;64:24;40;46
1981/82;FuPa.Net;WL1;2;1. FC Reckl. ;30;18;8;4;67:29;38;44
1981/82;FuPa.Net;WL1;3;VfL Reken;30;19;6;5;63:31;32;44
1981/82;FuPa.Net;WL1;4;VfB 03 Bielefeld;30;16;8;6;72:43;29;40
1981/82;FuPa.Net;WL1;5;Emsdetten 05;30;14;10;6;63:45;18;38
1981/82;FuPa.Net;WL1;6;FC Gohfeld;30;14;6;10;71:43;28;34
1981/82;FuPa.Net;WL1;7;TuS Hiltrup ;30;11;8;11;50:49;1;30
1981/82;FuPa.Net;WL1;8;SC Verl;30;10;10;10;46:52;-6;30
1981/82;FuPa.Net;WL1;9;B. Oeynhause;30;7;12;11;28:42;-14;26
1981/82;FuPa.Net;WL1;10;TuS Haltern;30;8;9;13;48:49;-1;25
1981/82;FuPa.Net;WL1;11;SpVgg Fichte Bielefeld;30;9;7;14;47:56;-9;25
1981/82;FuPa.Net;WL1;12;Bünder SV ;30;6;12;12;33:61;-28;24
1981/82;FuPa.Net;WL1;13;Lippspringe;30;7;8;15;43:54;-11;22
1981/82;FuPa.Net;WL1;14;SV Ahlen;30;8;6;16;45:89;-44;22
1981/82;FuPa.Net;WL1;15;Horn-Bad M.;30;5;6;19;36:76;-40;16
1981/82;FuPa.Net;WL1;16;Beckumer SV;30;4;6;20;42:75;-33;14
1980/81;FuPa.Net;WL1;1;SC Eintracht Heessen ;30;20;6;4;66:29;37;46
1980/81;FuPa.Net;WL1;2;SC Verl;30;17;10;3;76:31;45;44
1980/81;FuPa.Net;WL1;3;FC Gohfeld ;30;15;8;7;63:32;31;38
1980/81;FuPa.Net;WL1;4;Schöppingen;30;16;6;8;69:45;24;38
1980/81;FuPa.Net;WL1;5;Emsdetten 05 ;30;17;4;9;61:45;16;38
1980/81;FuPa.Net;WL1;6;VfL Reken ;30;13;5;12;54:49;5;31
1980/81;FuPa.Net;WL1;7;Recklingh.;30;11;9;10;47:43;4;31
1980/81;FuPa.Net;WL1;8;Beckumer SV;30;9;12;9;53:53;0;30
1980/81;FuPa.Net;WL1;9;Lippspringe;30;9;9;12;43:54;-11;27
1980/81;FuPa.Net;WL1;10;SV Ahlen;30;10;6;14;45:70;-25;26
1980/81;FuPa.Net;WL1;11;TuS Haltern;30;7;11;12;44:58;-14;25
1980/81;FuPa.Net;WL1;12;Horn-Bad M.;30;9;7;14;37:59;-22;25
1980/81;FuPa.Net;WL1;13;SC Oberbecksen;30;7;9;14;38:48;-10;23
1980/81;FuPa.Net;WL1;14;SpVgg Fichte Bielefeld;30;7;7;16;31:51;-20;21
1980/81;FuPa.Net;WL1;15;Westerkappel;30;6;8;16;43:63;-20;20
1980/81;FuPa.Net;WL1;16;TSG Harsew. ;30;6;5;19;32:72;-40;17
1979/80;FuPa.Net;OL;1;SpVgg Erken.;34;20;10;4;57:22;35;50
1979/80;FuPa.Net;OL;2;FC Paderborn;34;17;13;4;55:28;27;47
1979/80;FuPa.Net;OL;3;Vfl G.berg;34;14;13;7;50:30;20;41
1979/80;FuPa.Net;OL;4;SF Siegen;34;15;10;9;53:37;16;40
1979/80;FuPa.Net;OL;5;TuS Schloß Neuhaus;34;14;10;10;55:43;12;38
1979/80;FuPa.Net;OL;6;FC Gütersloh;34;12;11;11;53:40;13;35
1979/80;FuPa.Net;OL;7;Holzwickede;34;12;10;12;44:48;-4;34
1979/80;FuPa.Net;OL;8;FC Hellweg;34;11;12;11;46:52;-6;34
1979/80;FuPa.Net;OL;9;Westf. Herne ;34;11;11;12;42:53;-11;33
1979/80;FuPa.Net;OL;10;SuS Hüsten;34;11;10;13;49:47;2;32
1979/80;FuPa.Net;OL;11;Eintr. RE;34;10;12;12;44:46;-2;32
1979/80;FuPa.Net;OL;12;Bünder SV;34;12;7;15;39:49;-10;31
1979/80;FuPa.Net;OL;13;VfB Altena;34;14;3;17;72:83;-11;31
1979/80;FuPa.Net;OL;14;VfB Rheine;34;11;8;15;47:51;-4;30
1979/80;FuPa.Net;OL;15;Lippstadt ;34;8;14;12;38:47;-9;30
1979/80;FuPa.Net;OL;16;VfB Waltrop ;34;10;9;15;39:46;-7;29
1979/80;FuPa.Net;OL;17;Emsdetten 05;34;10;7;17;42:70;-28;27
1979/80;FuPa.Net;OL;18;TSG Harsew.;34;6;6;22;38:71;-33;18
1978/79;FuPa.Net;OL;1;SC Herford ;34;18;10;6;59:33;26;46
1978/79;FuPa.Net;OL;2;TuS Schloß Neuhaus;34;17;11;6;70:38;32;45
1978/79;FuPa.Net;OL;3;SpVgg Erken.;34;19;6;9;66:32;34;44
1978/79;FuPa.Net;OL;4;FC Gütersloh;34;19;6;9;65:41;24;44
1978/79;FuPa.Net;OL;5;FC Paderborn;34;19;5;10;70:46;24;43
1978/79;FuPa.Net;OL;6;FC Hellweg;34;16;10;8;51:37;14;42
1978/79;FuPa.Net;OL;7;Holzwickede;34;15;4;15;50:55;-5;34
1978/79;FuPa.Net;OL;8;Eintr. RE;34;11;11;12;44:49;-5;33
1978/79;FuPa.Net;OL;9;Bünder SV;34;13;6;15;42:53;-11;32
1978/79;FuPa.Net;OL;10;TSG Harsew.;34;9;13;12;37:44;-7;31
1978/79;FuPa.Net;OL;11;Vfl G.berg;34;11;8;15;54:58;-4;30
1978/79;FuPa.Net;OL;12;SuS Hüsten;34;10;10;14;53:58;-5;30
1978/79;FuPa.Net;OL;13;VfB Altena;34;10;10;14;46:63;-17;30
1978/79;FuPa.Net;OL;14;VfB Rheine;34;10;9;15;49:54;-5;29
1978/79;FuPa.Net;OL;15;SF Siegen;34;10;9;15;45:51;-6;29
1978/79;FuPa.Net;OL;16;Emsdetten 05;34;8;12;14;49:60;-11;28
1978/79;FuPa.Net;OL;17;SV Ahlen;34;8;9;17;36:63;-27;25
1978/79;FuPa.Net;OL;18;Beckumer SV;34;7;3;24;29:80;-51;17
1977/78;FuPa.Net;WL1;1;FC Paderborn;34;19;10;5;65:33;32;48
1977/78;FuPa.Net;WL1;2;VfB Rheine;34;20;8;6;51:34;17;48
1977/78;FuPa.Net;WL1;3;Schl.Neuhaus ;34;21;4;9;76:41;35;46
1977/78;FuPa.Net;WL1;4;SV Ahlen;34;18;7;9;54:40;14;43
1977/78;FuPa.Net;WL1;5;Bünder SV;34;16;7;11;68:47;21;39
1977/78;FuPa.Net;WL1;6;Emsdetten 05;34;15;9;10;51:52;-1;39
1977/78;FuPa.Net;WL1;7;Beckumer SV;34;13;12;9;47:40;7;38
1977/78;FuPa.Net;WL1;8;DJK Gütersl.;34;15;7;12;64:47;17;37
1977/78;FuPa.Net;WL1;9;A. Gütersloh;34;15;7;12;53:36;17;37
1977/78;FuPa.Net;WL1;10;TSG Harsew. ;34;13;10;11;48:43;5;36
1977/78;FuPa.Net;WL1;11;Erler SV;34;13;8;13;65:63;2;34
1977/78;FuPa.Net;WL1;12;STV Gelsenkirchen;34;12;6;16;47:64;-17;30
1977/78;FuPa.Net;WL1;13;Schöppingen ;34;10;8;16;45:59;-14;28
1977/78;FuPa.Net;WL1;14;Warendorfer;34;8;9;17;44:69;-25;25
1977/78;FuPa.Net;WL1;15;Herring. SV;34;8;8;18;49:58;-9;24
1977/78;FuPa.Net;WL1;16;TuS Ahlen;34;6;10;18;30:67;-37;22
1977/78;FuPa.Net;WL1;17;FC Gohfeld;34;6;7;21;40:71;-31;19
1977/78;FuPa.Net;WL1;18;Hammer SpVg;34;3;13;18;31:64;-33;19
1976/77;FuPa.Net;WL1;1;A. Gütersloh;34;19;8;7;68:44;24;46
1976/77;FuPa.Net;WL1;2;TuS Ahlen;34;19;6;9;66:39;27;44
1976/77;FuPa.Net;WL1;3;FC Gohfeld;34;14;10;10;55:36;19;38
1976/77;FuPa.Net;WL1;4;SV Ahlen;34;13;12;9;52:45;7;38
1976/77;FuPa.Net;WL1;5;DJK Gütersl. ;34;14;10;10;55:50;5;38
1976/77;FuPa.Net;WL1;6;FC Paderborn;34;13;10;11;56:41;15;36
1976/77;FuPa.Net;WL1;7;STV Eintracht Gelsenkirchen;34;11;14;9;49:42;7;36
1976/77;FuPa.Net;WL1;8;Bünder SV;34;12;12;10;47:48;-1;36
1976/77;FuPa.Net;WL1;9;Beckumer SV;34;11;12;11;58:52;6;34
1976/77;FuPa.Net;WL1;10;Erler SV;34;10;14;10;50:49;1;34
1976/77;FuPa.Net;WL1;11;VfB Rheine;34;12;10;12;45:45;0;34
1976/77;FuPa.Net;WL1;12;Recklingh.;34;9;16;9;37:38;-1;34
1976/77;FuPa.Net;WL1;13;Emsdetten 05;34;10;13;11;56:51;5;33
1976/77;FuPa.Net;WL1;14;Herring. SV ;34;10;10;14;42:53;-11;30
1976/77;FuPa.Net;WL1;15;Warendorfer;34;9;12;13;39:57;-18;30
1976/77;FuPa.Net;WL1;16;Hammer SpVg;34;9;11;14;34:45;-11;29
1976/77;FuPa.Net;WL1;17;SpVg. Steinh;34;7;11;16;37:75;-38;25
1976/77;FuPa.Net;WL1;18;Lippstadt;34;4;9;21;30:66;-36;17
1975/76;FuPa.Net;WL1;1;SC Herford;34;23;8;3;84:26;58;54
1975/76;FuPa.Net;WL1;2;SV Ahlen;34;18;10;6;53:32;21;46
1975/76;FuPa.Net;WL1;3;Emsdetten 05;34;15;10;9;53:43;10;40
1975/76;FuPa.Net;WL1;4;Hammer SpVg;34;16;7;11;66:44;22;39
1975/76;FuPa.Net;WL1;5;A. Gütersloh;34;14;10;10;58:50;8;38
1975/76;FuPa.Net;WL1;6;Bünder SV;34;14;9;11;60:46;14;37
1975/76;FuPa.Net;WL1;7;Erler SV;34;12;11;11;40:46;-6;35
1975/76;FuPa.Net;WL1;8;TuS Ahlen;34;11;12;11;51:44;7;34
1975/76;FuPa.Net;WL1;9;FC Paderborn;34;11;12;11;51:49;2;34
1975/76;FuPa.Net;WL1;10;FC Gohfeld ;34;11;11;12;45:40;5;33
1975/76;FuPa.Net;WL1;11;Recklingh.;34;9;15;10;30:33;-3;33
1975/76;FuPa.Net;WL1;12;STV Eintracht Gelsenkirchen;34;10;13;11;48:57;-9;33
1975/76;FuPa.Net;WL1;13;VfB Rheine;34;11;10;13;39:47;-8;32
1975/76;FuPa.Net;WL1;14;Warendorfer ;34;12;8;14;50:62;-12;32
1975/76;FuPa.Net;WL1;15;Beckumer SV;34;12;7;15;49:56;-7;31
1975/76;FuPa.Net;WL1;16;Schl.Neuhaus;34;10;9;15;40:52;-12;29
1975/76;FuPa.Net;WL1;17;TSV MarlHüls;34;9;8;17;40:58;-18;26
1975/76;FuPa.Net;WL1;18;VfB 03 Bielefeld;34;0;6;28;27:99;-72;6
1974/75;FuPa.Net;WL1;1;SC Herford;34;20;6;8;70:35;35;46
1974/75;FuPa.Net;WL1;2;A. Gütersloh ;34;18;10;6;66:38;28;46
1974/75;FuPa.Net;WL1;3;FC Paderborn;34;17;8;9;57:38;19;42
1974/75;FuPa.Net;WL1;4;VfB Rheine;34;17;7;10;47:33;14;41
1974/75;FuPa.Net;WL1;5;Hammer SpVg;34;13;9;12;51:42;9;35
1974/75;FuPa.Net;WL1;6;Beckumer SV;34;12;11;11;63:55;8;35
1974/75;FuPa.Net;WL1;7;SV Ahlen;34;13;9;12;48:48;0;35
1974/75;FuPa.Net;WL1;8;STV Eintracht Gelsenkirchen ;34;13;9;12;44:44;0;35
1974/75;FuPa.Net;WL1;9;TuS Ahlen;34;10;15;9;43:45;-2;35
1974/75;FuPa.Net;WL1;10;Erler SV ;34;13;7;14;46:42;4;33
1974/75;FuPa.Net;WL1;11;Emsdetten 05;34;12;9;13;40:55;-15;33
1974/75;FuPa.Net;WL1;12;Recklingh.;34;13;6;15;49:46;3;32
1974/75;FuPa.Net;WL1;13;Schl.Neuhaus;34;10;11;13;38:58;-20;31
1974/75;FuPa.Net;WL1;14;TSV MarlHüls;34;8;14;12;47:48;-1;30
1974/75;FuPa.Net;WL1;15;Bünder SV ;34;11;7;16;46:69;-23;29
1974/75;FuPa.Net;WL1;16;VfB 03 Bielefeld;34;10;7;17;40:56;-16;27
1974/75;FuPa.Net;WL1;17;VfL Schlangen;34;7;10;17;28:50;-22;24
1974/75;FuPa.Net;WL1;18;TSG Harsew. ;34;7;9;18;34:55;-21;23
1973/74;FuPa.Net;WL1;1;Recklingh.;30;14;11;5;38:23;15;39
1973/74;FuPa.Net;WL1;2;SC Herford ;30;17;4;9;52:27;25;38
1973/74;FuPa.Net;WL1;3;TuS Ahlen;30;13;7;10;47:41;6;33
1973/74;FuPa.Net;WL1;4;TSV MarlHüls;30;11;11;8;31:26;5;33
1973/74;FuPa.Net;WL1;5;FC Paderborn;30;11;10;9;44:38;6;32
1973/74;FuPa.Net;WL1;6;SV Ahlen;30;13;6;11;50:45;5;32
1973/74;FuPa.Net;WL1;7;VfB Rheine ;30;11;10;9;48:46;2;32
1973/74;FuPa.Net;WL1;8;VfL Schlangen;30;13;6;11;41:40;1;32
1973/74;FuPa.Net;WL1;9;Schl.Neuhaus;30;11;9;10;47:39;8;31
1973/74;FuPa.Net;WL1;10;Emsdetten 05;30;12;7;11;51:53;-2;31
1973/74;FuPa.Net;WL1;11;Beckumer SV;30;12;6;12;45:37;8;30
1973/74;FuPa.Net;WL1;12;VfB 03 Bielefeld;30;11;8;11;47:44;3;30
1973/74;FuPa.Net;WL1;13;Hammer SpVg;30;11;8;11;43:45;-2;30
1973/74;FuPa.Net;WL1;14;Eintr. RE;30;11;7;12;43:53;-10;29
1973/74;FuPa.Net;WL1;15;SpVg Minden 05;30;6;4;20;26:56;-30;16
1973/74;FuPa.Net;WL1;16;SC Hassel;30;3;6;21;32:72;-40;12
1972/73;FuPa.Net;WL1;1;VfB 03 Bielefeld;30;17;7;6;70:36;34;41
1972/73;FuPa.Net;WL1;2;SC Hassel;30;18;5;7;66:42;24;41
1972/73;FuPa.Net;WL1;3;SV Ahlen ;30;16;7;7;61:48;13;39
1972/73;FuPa.Net;WL1;4;TSV MarlHüls;30;15;5;10;42:33;9;35
1972/73;FuPa.Net;WL1;5;STV Horst-E.;30;13;9;8;48:42;6;35
1972/73;FuPa.Net;WL1;6;Recklingh. ;30;13;4;13;55:45;10;30
1972/73;FuPa.Net;WL1;7;Beckumer SV;30;11;8;11;49:52;-3;30
1972/73;FuPa.Net;WL1;8;VfL Schlangen;30;9;10;11;37:47;-10;28
1972/73;FuPa.Net;WL1;9;Sennelager;30;11;5;14;49:57;-8;27
1972/73;FuPa.Net;WL1;10;SpVg Minden 05;30;8;11;11;36:44;-8;27
1972/73;FuPa.Net;WL1;11;Hammer SpVg;30;10;6;14;52:52;0;26
1972/73;FuPa.Net;WL1;12;TuS Ahlen;30;10;6;14;35:48;-13;26
1972/73;FuPa.Net;WL1;13;FC Paderborn;30;8;9;13;36:48;-12;25
1972/73;FuPa.Net;WL1;14;Emsdetten 05;30;10;5;15;47:62;-15;25
1972/73;FuPa.Net;WL1;15;Erler SV;30;8;7;15;43:57;-14;23
1972/73;FuPa.Net;WL1;16;TSG Harsew. ;30;7;8;15;40:53;-13;22
1971/72;FuPa.Net;WL1;1;STV Horst-E.;30;21;4;5;60:30;30;46
1971/72;FuPa.Net;WL1;2;TSV MarlHüls;30;17;9;4;57:22;35;43
1971/72;FuPa.Net;WL1;3;SpVg Minden 05;30;16;9;5;50:26;24;41
1971/72;FuPa.Net;WL1;4;FC Paderborn;30;11;14;5;39:27;12;36
1971/72;FuPa.Net;WL1;5;SC Hassel;30;15;6;9;45:36;9;36
1971/72;FuPa.Net;WL1;6;Emsdetten 05;30;12;8;10;48:40;8;32
1971/72;FuPa.Net;WL1;7;Hammer SpVg;30;13;6;11;51:44;7;32
1971/72;FuPa.Net;WL1;8;VfB 03 Bielefeld;30;13;5;12;44:37;7;31
1971/72;FuPa.Net;WL1;9;Erler SV ;30;11;8;11;54:43;11;30
1971/72;FuPa.Net;WL1;10;Beckumer SV;30;8;11;11;40:48;-8;27
1971/72;FuPa.Net;WL1;11;TuS Ahlen;30;9;8;13;24:28;-4;26
1971/72;FuPa.Net;WL1;12;Sennelager ;30;8;10;12;40:45;-5;26
1971/72;FuPa.Net;WL1;13;VfL Schlangen;30;8;9;13;36:45;-9;25
1971/72;FuPa.Net;WL1;14;DJK Herten;30;7;9;14;37:47;-10;23
1971/72;FuPa.Net;WL1;15;SpVg. Steinh;30;8;4;18;33:68;-35;20
1971/72;FuPa.Net;WL1;16;SV Brackwede;30;1;4;25;20:92;-72;6
1970/71;FuPa.Net;WL1;1;A. Gütersloh;30;19;5;6;71:29;42;43
1970/71;FuPa.Net;WL1;2;Hammer SpVg;30;19;5;6;71:34;37;43
1970/71;FuPa.Net;WL1;3;TSV MarlHüls ;30;16;5;9;60:47;13;37
1970/71;FuPa.Net;WL1;4;SpVg Minden 05;30;14;8;8;64:33;31;36
1970/71;FuPa.Net;WL1;5;SC Hassel;30;14;5;11;46:34;12;33
1970/71;FuPa.Net;WL1;6;VfB 03 Bielefeld;30;13;7;10;54:43;11;33
1970/71;FuPa.Net;WL1;7;TuS Ahlen;30;13;7;10;50:49;1;33
1970/71;FuPa.Net;WL1;8;SV Brackwede;30;12;8;10;39:39;0;32
1970/71;FuPa.Net;WL1;9;FC Paderborn ;30;10;9;11;47:54;-7;29
1970/71;FuPa.Net;WL1;10;Beckumer SV ;30;10;8;12;42:48;-6;28
1970/71;FuPa.Net;WL1;11;Emsdetten 05 ;30;10;7;13;50:61;-11;27
1970/71;FuPa.Net;WL1;12;VfL Schlangen ;30;10;6;14;32:57;-25;26
1970/71;FuPa.Net;WL1;13;DJK Herten;30;11;3;16;50:48;2;25
1970/71;FuPa.Net;WL1;14;SpVg. Steinh;30;9;6;15;48:69;-21;24
1970/71;FuPa.Net;WL1;15;SV Ahaus;30;4;8;18;35:70;-35;16
1970/71;FuPa.Net;WL1;16;SuS Lage;30;4;7;19;35:79;-44;15
1969/70;FuPa.Net;LL4;1;Emsdetten 05;0;0;0;0;0:0;0;0
1969/70;FuPa.Net;LL4;2;FC Gladbeck;0;0;0;0;0:0;0;0
1969/70;FuPa.Net;LL4;3;Hansa Schol.;0;0;0;0;0:0;0;0
1969/70;FuPa.Net;LL4;4;SV Warendorf;0;0;0;0;0:0;0;0
1969/70;FuPa.Net;LL4;5;Riesenbeck ;0;0;0;0;0:0;0;0
1969/70;FuPa.Net;LL4;6;FC Rheine ;0;0;0;0;0:0;0;0
1969/70;FuPa.Net;LL4;7;Stadtlohn;0;0;0;0;0:0;0;0
1969/70;FuPa.Net;LL4;8;SV Zweckel ;0;0;0;0;0:0;0;0
1969/70;FuPa.Net;LL4;9;Borghorst;0;0;0;0;0:0;0;0
1969/70;FuPa.Net;LL4;10;SpVg Marl ;0;0;0;0;0:0;0;0
1969/70;FuPa.Net;LL4;11;SG Gronau;0;0;0;0;0:0;0;0
1969/70;FuPa.Net;LL4;12;BVH Dorsten;0;0;0;0;0:0;0;0
1969/70;FuPa.Net;LL4;13;Pr. Lengeri.;0;0;0;0;0:0;0;0
1969/70;FuPa.Net;LL4;14;Ibbenbürener;0;0;0;0;0:0;0;0
1969/70;FuPa.Net;LL4;15;ESV-Münster;0;0;0;0;0:0;0;0
1969/70;FuPa.Net;LL4;16;TuS Haltern;0;0;0;0;0:0;0;0
1968/69;FuPa.Net;LL4;1;SC Hassel ;0;0;0;0;0:0;0;0
1968/69;FuPa.Net;LL4;2;Hansa Schol.;0;0;0;0;0:0;0;0
1968/69;FuPa.Net;LL4;3;FC Gladbeck;0;0;0;0;0:0;0;0
1968/69;FuPa.Net;LL4;4;Stadtlohn;0;0;0;0;0:0;0;0
1968/69;FuPa.Net;LL4;5;BVH Dorsten ;0;0;0;0;0:0;0;0
1968/69;FuPa.Net;LL4;6;ESV-Münster;0;0;0;0;0:0;0;0
1968/69;FuPa.Net;LL4;7;SG Gronau ;0;0;0;0;0:0;0;0
1968/69;FuPa.Net;LL4;8;SV Warendorf ;0;0;0;0;0:0;0;0
1968/69;FuPa.Net;LL4;9;Borghorst;0;0;0;0;0:0;0;0
1968/69;FuPa.Net;LL4;10;TuS Haltern;0;0;0;0;0:0;0;0
1968/69;FuPa.Net;LL4;11;Emsdetten 05;0;0;0;0;0:0;0;0
1968/69;FuPa.Net;LL4;12;Pr. Lengeri.;0;0;0;0;0:0;0;0
1968/69;FuPa.Net;LL4;13;Ibbenbürener ;0;0;0;0;0:0;0;0
1968/69;FuPa.Net;LL4;14;SuS Hervest;0;0;0;0;0:0;0;0
1968/69;FuPa.Net;LL4;15;SC Greven 09;0;0;0;0;0:0;0;0
1968/69;FuPa.Net;LL4;16;Pr. Münster II;0;0;0;0;0:0;0;0
1967/68;FuPa.Net;LL4;1;SV Ahaus;0;0;0;0;0:0;0;0
1967/68;FuPa.Net;LL4;2;SF Gladbeck;0;0;0;0;0:0;0;0
1967/68;FuPa.Net;LL4;3;Schalke 04 II;0;0;0;0;0:0;0;0
1967/68;FuPa.Net;LL4;4;Borghorst;0;0;0;0;0:0;0;0
1967/68;FuPa.Net;LL4;5;Hansa Schol.;0;0;0;0;0:0;0;0
1967/68;FuPa.Net;LL4;6;Stadtlohn;0;0;0;0;0:0;0;0
1967/68;FuPa.Net;LL4;7;Pr. Münster II;0;0;0;0;0:0;0;0
1967/68;FuPa.Net;LL4;8;ESV-Münster;0;0;0;0;0:0;0;0
1967/68;FuPa.Net;LL4;9;SC Greven 09;0;0;0;0;0:0;0;0
1967/68;FuPa.Net;LL4;10;Emsdetten 05 ;0;0;0;0;0:0;0;0
1967/68;FuPa.Net;LL4;11;Pr. Lengeri. ;0;0;0;0;0:0;0;0
1967/68;FuPa.Net;LL4;12;SuS Hervest ;0;0;0;0;0:0;0;0
1967/68;FuPa.Net;LL4;13;TuS Haltern;0;0;0;0;0:0;0;0
1967/68;FuPa.Net;LL4;14;SV Zweckel;0;0;0;0;0:0;0;0
1967/68;FuPa.Net;LL4;15;VfL Resse 08;0;0;0;0;0:0;0;0
1967/68;FuPa.Net;LL4;16;SpVgg Buer;0;0;0;0;0:0;0;0
